Visitor,Vis.score,Home,Home.score
SFN,5,ARI,6
CHN,3,SLN,4
NYA,3,TBA,7
PHI,4,CIN,3
SDN,3,LAN,14
COL,7,MIL,5
ATL,0,NYN,6
MIA,2,WAS,4
TOR,2,BAL,3
PIT,3,BOS,5
SEA,0,HOU,3
KCA,1,MIN,7
ANA,2,OAK,4
CLE,8,TEX,5
SFN,8,ARI,4
SDN,4,LAN,0
COL,6,MIL,5
CHN,2,SLN,1
DET,6,CHA,3
SEA,1,HOU,2
ANA,7,OAK,6
NYA,5,TBA,0
CLE,4,TEX,3
SFN,6,ARI,8
PHI,0,CIN,2
SDN,1,LAN,3
COL,1,MIL,6
ATL,3,NYN,1
MIA,4,WAS,6
TOR,1,BAL,3
PIT,0,BOS,3
SEA,3,HOU,5
KCA,1,MIN,9
ANA,5,OAK,0
NYA,1,TBA,4
CLE,9,TEX,6
SFN,3,ARI,9
PHI,4,CIN,7
SDN,2,LAN,10
COL,2,MIL,1
ATL,2,NYN,6
CHN,6,SLN,4
MIA,4,WAS,3
DET,2,CHA,11
SEA,4,HOU,2
KCA,3,MIN,5
ANA,1,OAK,5
TOR,5,TBA,2
CLE,3,ARI,7
LAN,1,COL,2
CHN,1,MIL,2
MIA,7,NYN,2
WAS,7,PHI,6
ATL,4,PIT,5
SFN,6,SDN,7
CIN,2,SLN,0
SEA,1,ANA,5
NYA,5,BAL,6
MIN,3,CHA,1
BOS,5,DET,6
KCA,5,HOU,1
TOR,8,TBA,10
OAK,5,TEX,10
CLE,2,ARI,11
LAN,2,COL,4
CHN,11,MIL,6
MIA,8,NYN,1
WAS,3,PHI,17
ATL,4,PIT,6
SFN,1,SDN,2
CIN,4,SLN,10
SEA,4,ANA,5
NYA,4,BAL,5
MIN,2,CHA,6
BOS,1,DET,4
KCA,7,HOU,3
TOR,2,TBA,3
OAK,6,TEX,1
CLE,2,ARI,3
LAN,10,COL,6
CHN,7,MIL,4
MIA,2,NYN,5
WAS,3,PHI,4
ATL,5,PIT,6
SFN,5,SDN,3
CIN,8,SLN,0
SEA,9,ANA,10
NYA,7,BAL,3
MIN,4,CHA,1
BOS,7,DET,5
KCA,4,HOU,5
TOR,2,TBA,7
OAK,1,TEX,8
LAN,2,CHN,3
SDN,5,COL,3
NYN,4,PHI,3
CIN,7,PIT,1
ARI,1,SFN,4
SLN,6,WAS,14
BOS,1,DET,2
OAK,2,KCA,0
TBA,1,NYA,8
HOU,0,SEA,6
SDN,2,COL,3
ATL,4,MIA,8
NYN,14,PHI,4
CIN,6,PIT,2
ARI,4,SFN,3
SLN,3,WAS,8
TEX,5,ANA,6
BAL,1,BOS,8
CHA,1,CLE,2
MIN,1,DET,2
HOU,7,SEA,5
MIL,4,TOR,3
LAN,2,CHN,0
SDN,6,COL,0
ATL,5,MIA,4
NYN,5,PHI,4
CIN,9,PIT,2
ARI,2,SFN,6
SLN,6,WAS,1
TEX,8,ANA,3
BAL,12,BOS,5
CHA,2,CLE,1
MIN,3,DET,5
OAK,8,KCA,3
TBA,4,NYA,8
HOU,10,SEA,5
MIL,2,TOR,0
LAN,0,CHN,4
MIL,5,CIN,1
NYN,9,MIA,8
COL,3,SFN,1
TEX,8,ANA,3
PIT,3,BOS,4
CHA,10,CLE,4
MIN,11,DET,5
OAK,1,KCA,3
TBA,2,NYA,3
BAL,2,TOR,1
SDN,2,ATL,5
PIT,4,CHN,2
MIL,10,CIN,4
ARI,1,LAN,7
NYN,2,MIA,3
COL,2,SFN,8
PHI,2,WAS,3
TBA,10,BOS,5
DET,7,CLE,6
ANA,1,KCA,7
CHA,2,MIN,1
SLN,3,NYA,4
HOU,7,OAK,2
TEX,1,SEA,2
BAL,6,TOR,4
SDN,2,ATL,4
PIT,8,CHN,7
MIL,5,CIN,7
ARI,4,LAN,8
NYN,4,MIA,5
COL,5,SFN,0
PHI,4,WAS,2
TBA,1,BOS,2
DET,6,CLE,13
ANA,2,KCA,3
CHA,0,MIN,6
SLN,2,NYA,3
HOU,10,OAK,6
TEX,0,SEA,5
BAL,1,TOR,2
SDN,2,ATL,9
PIT,6,CHN,1
MIL,4,CIN,2
ARI,3,LAN,1
NYN,2,MIA,4
COL,4,SFN,3
PHI,4,WAS,6
TBA,5,BOS,7
DET,4,CLE,1
ANA,0,KCA,1
CHA,3,MIN,1
SLN,3,NYA,9
TEX,7,SEA,8
BAL,11,TOR,4
SDN,4,ATL,5
MIL,6,CHN,3
ARI,4,LAN,2
PIT,1,SLN,2
TBA,3,BOS,4
ANA,0,HOU,3
CLE,3,MIN,1
CHA,4,NYA,7
TEX,7,OAK,0
MIA,1,SEA,6
WAS,3,ATL,1
MIL,7,CHN,9
BAL,3,CIN,9
COL,4,LAN,3
PHI,6,NYN,2
ARI,11,SDN,2
PIT,1,SLN,2
ANA,5,HOU,2
SFN,2,KCA,1
CLE,11,MIN,4
CHA,4,NYA,1
TEX,2,OAK,4
MIA,5,SEA,0
DET,1,TBA,5
BOS,8,TOR,7
WAS,14,ATL,4
MIL,4,CHN,7
BAL,2,CIN,0
COL,2,LAN,4
PHI,4,NYN,5
ARI,0,SDN,1
PIT,1,SLN,2
ANA,1,HOU,5
SFN,0,KCA,2
CHA,1,NYA,9
TEX,1,OAK,9
MIA,5,SEA,10
DET,7,TBA,8
BOS,0,TOR,3
WAS,3,ATL,2
BAL,2,CIN,1
SLN,5,MIL,7
PHI,6,NYN,4
ARI,1,SDN,4
ANA,1,HOU,2
CLE,6,MIN,2
SEA,6,OAK,9
DET,1,TBA,8
KCA,0,TEX,1
BOS,4,TOR,1
LAN,5,ARI,13
CHN,6,CIN,5
SFN,5,COL,6
SLN,6,MIL,3
WAS,4,NYN,3
ATL,3,PHI,4
NYA,3,PIT,6
MIA,3,SDN,5
TOR,8,ANA,7
BOS,0,BAL,2
CLE,3,CHA,0
DET,3,MIN,6
SEA,1,OAK,3
HOU,6,TBA,3
KCA,2,TEX,6
LAN,5,ARI,11
CHN,12,CIN,8
SFN,3,COL,12
SLN,4,MIL,1
WAS,3,NYN,1
ATL,3,PHI,4
NYA,11,PIT,5
MIA,6,SDN,3
TOR,4,ANA,5
BOS,2,BAL,4
CLE,7,CHA,0
DET,5,MIN,4
SEA,3,OAK,4
HOU,3,TBA,6
KCA,1,TEX,2
LAN,6,ARI,2
CHN,5,CIN,7
SFN,0,COL,8
SLN,6,MIL,4
WAS,6,NYN,3
ATL,2,PHI,5
NYA,1,PIT,2
MIA,7,SDN,3
TOR,6,ANA,2
BOS,6,BAL,2
CLE,2,CHA,6
DET,13,MIN,4
SEA,11,OAK,1
HOU,6,TBA,4
KCA,2,TEX,5
SDN,6,ARI,7
WAS,4,COL,8
CIN,7,MIL,11
CHN,14,PIT,3
LAN,1,SFN,2
TOR,1,ANA,2
TBA,3,BAL,6
KCA,1,CHA,12
MIN,3,TEX,2
SDN,3,ARI,9
WAS,15,COL,12
CIN,1,MIL,9
CHN,1,PIT,0
LAN,2,SFN,1
TOR,6,SLN,5
OAK,1,ANA,2
TBA,2,BAL,0
KCA,5,CHA,10
HOU,4,CLE,2
SEA,9,DET,19
MIN,8,TEX,1
SDN,8,ARI,5
WAS,11,COL,4
CIN,4,MIL,9
ATL,8,NYN,2
MIA,4,PHI,7
CHN,5,PIT,6
LAN,3,SFN,4
OAK,5,ANA,8
TBA,4,BAL,5
NYA,3,BOS,1
KCA,2,CHA,5
HOU,6,CLE,7
SEA,8,DET,0
MIN,3,TEX,14
SDN,2,ARI,6
WAS,16,COL,5
ATL,7,NYN,5
MIA,2,PHI,3
LAN,5,SFN,1
TOR,4,SLN,8
TOR,4,SLN,6
OAK,1,ANA,2
NYA,3,BOS,0
HOU,3,CLE,4
SEA,2,DET,1
COL,3,ARI,1
PHI,3,LAN,5
PIT,12,MIA,2
ATL,10,MIL,8
SDN,3,SFN,4
CIN,5,SLN,7
NYN,7,WAS,5
CHN,4,BOS,5
SEA,3,CLE,1
CHA,7,DET,3
OAK,4,HOU,9
MIN,6,KCA,4
BAL,11,NYA,14
ANA,6,TEX,3
TBA,7,TOR,4
COL,7,ARI,6
PHI,5,LAN,6
PIT,4,MIA,0
ATL,11,MIL,3
SDN,12,SFN,4
NYN,5,WAS,3
CHN,7,BOS,4
SEA,3,CLE,4
CHA,6,DET,4
OAK,2,HOU,1
BAL,4,NYA,12
ANA,3,TEX,6
TBA,1,TOR,4
COL,0,ARI,2
PHI,3,LAN,5
PIT,3,MIA,10
ATL,3,MIL,4
SDN,5,SFN,2
CIN,5,SLN,4
NYN,5,WAS,23
CHN,2,BOS,6
SEA,4,CLE,12
CHA,3,DET,7
OAK,2,HOU,7
MIN,7,KCA,5
BAL,7,NYA,4
ANA,5,TEX,2
TBA,1,TOR,3
NYN,7,ATL,5
PHI,10,CHN,2
PIT,3,CIN,4
SFN,4,LAN,3
TBA,4,MIA,2
MIL,7,SLN,5
BAL,5,BOS,2
CLE,1,DET,7
TEX,2,HOU,6
CHA,1,KCA,6
TOR,7,NYA,1
NYN,7,ATL,9
PHI,3,CHN,8
PIT,12,CIN,3
SFN,5,LAN,13
TBA,3,MIA,1
COL,2,SDN,6
MIL,1,SLN,2
ARI,6,WAS,3
BAL,2,BOS,5
CLE,2,DET,5
TEX,7,HOU,8
CHA,6,KCA,0
OAK,1,MIN,9
TOR,5,NYA,11
ANA,6,SEA,4
NYN,16,ATL,5
PHI,4,CHN,5
PIT,2,CIN,7
SFN,4,LAN,1
COL,11,SDN,3
ARI,1,WAS,2
BAL,2,BOS,4
CLE,3,DET,2
TEX,1,HOU,10
CHA,1,KCA,6
OAK,4,MIN,7
TOR,6,NYA,8
ANA,7,SEA,8
MIA,10,TBA,6
PHI,4,CHN,5
PIT,2,CIN,4
COL,3,SDN,2
MIL,5,SLN,4
ARI,2,WAS,4
BAL,8,BOS,3
TEX,10,HOU,4
CHA,8,KCA,3
OAK,8,MIN,5
ANA,3,SEA,11
MIA,1,TBA,5
SLN,10,ATL,0
NYA,3,CHN,2
SFN,3,CIN,13
ARI,6,COL,3
MIA,7,NYN,8
WAS,4,PHI,2
MIL,0,PIT,4
LAN,8,SDN,2
HOU,7,ANA,6
CHA,2,BAL,4
CLE,1,KCA,3
BOS,3,MIN,4
DET,7,OAK,2
TEX,3,SEA,1
TOR,8,TBA,4
SLN,5,ATL,3
NYA,11,CHN,6
SFN,2,CIN,14
ARI,1,COL,9
MIA,3,NYN,11
WAS,6,PHI,2
MIL,1,PIT,2
LAN,10,SDN,2
HOU,1,ANA,2
CHA,5,BAL,6
CLE,3,KCA,1
BOS,11,MIN,1
DET,5,OAK,6
TEX,2,SEA,8
TOR,1,TBA,6
SLN,6,ATL,4
NYA,5,CHN,4
SFN,0,CIN,4
ARI,2,COL,5
MIA,7,NYN,0
WAS,5,PHI,6
MIL,6,PIT,2
HOU,5,ANA,3
CHA,0,BAL,4
CLE,1,KCA,0
BOS,17,MIN,6
DET,6,OAK,8
TEX,3,SEA,4
TOR,2,TBA,1
NYA,10,CIN,4
PIT,1,LAN,12
SLN,9,MIA,4
SFN,3,NYN,4
TEX,1,SDN,5
WAS,4,BAL,6
ANA,2,OAK,3
KCA,7,TBA,3
CLE,2,TOR,4
DET,7,ARI,3
NYA,3,CIN,5
CHN,4,COL,10
CHN,8,COL,1
PIT,3,LAN,4
SLN,6,MIA,5
BOS,7,MIL,11
SFN,1,NYN,6
SEA,10,PHI,9
TEX,11,SDN,0
WAS,4,BAL,5
MIN,7,CHA,2
ATL,3,HOU,8
ANA,7,OAK,3
KCA,7,TBA,6
CLE,6,TOR,0
DET,1,ARI,7
CHN,0,COL,3
PIT,2,LAN,5
SLN,7,MIA,5
BOS,4,MIL,7
SFN,6,NYN,5
SEA,11,PHI,6
BAL,6,WAS,7
ATL,2,HOU,4
ANA,1,OAK,3
KCA,1,TBA,12
SDN,3,TEX,4
CLE,7,TOR,8
PIT,1,ARI,2
LAN,7,COL,10
BOS,4,MIL,1
CIN,3,SFN,2
DET,7,ANA,1
MIN,7,CHA,6
HOU,3,NYA,2
KCA,6,TBA,0
SDN,2,TEX,5
SEA,2,TOR,7
PIT,4,ARI,11
LAN,6,COL,2
ATL,8,MIA,4
NYN,4,MIL,7
CIN,2,SFN,3
CHN,3,SLN,2
DET,0,ANA,7
TBA,5,BOS,4
SDN,6,CHA,3
MIN,1,CLE,0
BAL,2,KCA,3
HOU,5,NYA,1
OAK,2,TEX,5
SEA,0,TOR,4
PIT,4,ARI,3
LAN,4,COL,0
ATL,3,MIA,1
NYN,4,MIL,11
CIN,1,SFN,3
CHN,3,SLN,5
PHI,4,WAS,6
DET,4,ANA,3
TBA,3,BOS,6
SDN,4,CHA,5
MIN,4,CLE,1
BAL,3,KCA,4
OAK,5,TEX,6
SEA,2,TOR,7
PIT,6,ARI,4
LAN,6,COL,9
ATL,1,MIA,3
NYN,9,MIL,11
CIN,3,SFN,8
CHN,0,SLN,5
PHI,4,WAS,3
PHI,5,WAS,6
DET,1,ANA,4
TBA,11,BOS,2
SDN,3,CHA,9
MIN,3,CLE,8
BAL,8,KCA,9
HOU,6,NYA,11
HOU,10,NYA,7
OAK,4,TEX,6
SEA,2,TOR,3
NYN,3,ARI,7
HOU,7,MIA,2
MIL,5,SDN,6
LAN,4,SFN,8
CHA,3,ANA,5
TBA,7,CLE,8
OAK,5,SEA,6
ATL,10,TOR,6
NYN,4,ARI,5
CIN,5,CHN,9
HOU,12,MIA,2
WAS,8,PIT,4
MIL,6,SDN,2
LAN,1,SFN,2
BOS,6,SLN,3
CHA,6,ANA,7
TBA,6,CLE,4
BAL,13,DET,11
NYA,7,KCA,1
COL,7,MIN,3
OAK,9,SEA,6
PHI,1,TEX,5
ATL,9,TOR,5
NYN,4,ARI,5
TOR,4,ATL,8
CIN,5,CHN,7
HOU,3,MIA,0
WAS,1,PIT,6
MIL,3,SDN,1
LAN,6,SFN,1
BOS,5,SLN,4
CHA,8,ANA,12
TBA,7,CLE,4
BAL,4,DET,5
NYA,11,KCA,7
OAK,0,SEA,4
PHI,3,TEX,9
TOR,9,ATL,0
CIN,5,CHN,9
MIA,2,LAN,7
WAS,4,PIT,10
MIL,4,SDN,2
BAL,5,DET,6
NYA,1,KCA,5
COL,5,MIN,1
COL,0,MIN,2
BOS,3,OAK,8
CHA,4,SEA,5
PHI,4,TEX,8
WAS,4,ATL,7
MIL,6,CHN,3
COL,12,CIN,6
MIA,2,LAN,7
ANA,0,NYN,3
PHI,7,PIT,2
ARI,10,SDN,1
SFN,6,SLN,5
TOR,3,BAL,5
TEX,5,DET,3
CLE,5,HOU,3
KCA,3,MIN,4
BOS,2,OAK,3
CHA,2,SEA,1
NYA,4,TBA,5
WAS,2,ATL,5
COL,8,CIN,12
MIA,10,LAN,6
ANA,5,NYN,7
PHI,3,PIT,6
ARI,9,SDN,1
SFN,3,SLN,1
TOR,5,BAL,7
TEX,3,DET,9
CLE,3,HOU,0
BOS,3,OAK,8
CHA,16,SEA,1
NYA,5,TBA,9
WAS,3,ATL,2
MIL,6,CHN,13
COL,6,CIN,4
MIA,3,LAN,6
ANA,12,NYN,5
PHI,0,PIT,1
ARI,1,SDN,5
SFN,3,SLN,8
TOR,3,BAL,1
TEX,5,DET,2
CLE,8,HOU,6
KCA,6,MIN,4
KCA,4,MIN,8
BOS,12,OAK,3
CHA,8,SEA,1
NYA,3,TBA,2
CHA,1,ARI,5
PIT,2,ATL,5
SFN,6,CHN,4
CLE,1,CIN,5
COL,8,PHI,1
MIN,14,BAL,7
DET,0,HOU,1
KCA,2,NYA,4
ANA,3,TBA,2
CHA,4,ARI,5
PIT,5,ATL,6
SFN,1,CHN,4
CLE,8,CIN,7
SLN,1,LAN,2
TOR,4,MIL,3
SDN,3,NYN,9
COL,8,PHI,2
SEA,1,WAS,10
MIN,2,BAL,0
TEX,6,BOS,11
DET,2,HOU,6
KCA,6,NYA,2
MIA,11,OAK,9
ANA,4,TBA,0
CHA,6,ARI,8
PIT,12,ATL,5
SFN,4,CHN,5
SLN,6,LAN,1
TOR,8,MIL,4
SDN,6,NYN,5
COL,7,PHI,2
SEA,1,WAS,5
MIN,4,BAL,3
TEX,4,BOS,9
CIN,4,CLE,3
DET,6,HOU,3
KCA,0,NYA,3
MIA,1,OAK,4
ANA,2,TBA,5
PIT,9,ATL,4
SFN,1,CHN,5
SLN,3,LAN,7
ARI,4,MIL,0
SDN,4,NYN,3
COL,1,PHI,2
SEA,4,WAS,2
TEX,2,BOS,6
DET,6,HOU,7
ANA,0,TBA,4
SLN,0,COL,10
CHN,0,LAN,4
ANA,5,MIA,8
ARI,4,MIL,2
CIN,5,PHI,2
NYN,8,PIT,1
ATL,2,SFN,0
SDN,1,WAS,5
SEA,0,BOS,3
DET,2,CHA,8
KCA,6,CLE,4
BAL,0,HOU,2
TBA,5,MIN,2
OAK,4,NYA,1
TEX,6,TOR,7
SLN,3,COL,0
CHN,0,LAN,5
ANA,5,MIA,2
ARI,1,MIL,6
CIN,3,PHI,4
NYN,4,PIT,5
ATL,3,SFN,6
SDN,0,WAS,3
SEA,0,BOS,6
DET,0,CHA,3
DET,4,CHA,3
KCA,5,CLE,2
BAL,2,HOU,5
TBA,3,MIN,5
OAK,2,NYA,3
TEX,1,TOR,3
SLN,4,COL,8
CHN,4,LAN,9
ANA,2,MIA,9
ARI,5,MIL,9
CIN,8,PHI,4
NYN,7,PIT,2
ATL,1,SFN,7
SDN,5,WAS,3
SEA,5,BOS,0
DET,3,CHA,7
KCA,1,CLE,10
BAL,4,HOU,8
TBA,8,MIN,6
OAK,5,NYA,9
TEX,3,TOR,1
SEA,6,COL,5
PHI,1,MIA,4
MIL,2,NYN,4
ARI,3,PIT,4
CHN,2,SDN,5
WAS,3,SFN,0
LAN,5,SLN,1
ATL,6,ANA,3
NYA,2,BAL,3
BOS,4,CHA,5
OAK,3,CLE,5
DET,10,KCA,7
HOU,16,MIN,8
TBA,10,TEX,8
CIN,2,TOR,17
SEA,10,COL,4
PHI,2,MIA,7
MIL,4,NYN,5
ARI,3,PIT,0
CHN,2,SDN,6
WAS,6,SFN,3
LAN,9,SLN,4
ATL,3,ANA,9
NYA,8,BAL,3
BOS,13,CHA,7
OAK,4,CLE,9
DET,0,KCA,1
HOU,7,MIN,2
TBA,5,TEX,9
CIN,4,TOR,6
PHI,2,MIA,10
MIL,7,NYN,1
ARI,6,PIT,5
CHN,1,SDN,2
WAS,3,SFN,1
LAN,1,SLN,2
ATL,1,ANA,2
NYA,4,BAL,10
BOS,4,CHA,1
OAK,3,CLE,1
DET,6,KCA,5
HOU,17,MIN,6
COL,0,SEA,5
TBA,7,TEX,5
CIN,4,TOR,5
ARI,3,MIA,2
MIL,2,NYN,1
LAN,0,SLN,2
MIN,4,ANA,2
BOS,5,BAL,7
OAK,0,CLE,8
COL,6,SEA,3
NYA,12,TOR,2
SLN,2,CHN,3
ATL,2,CIN,3
ARI,5,MIA,7
LAN,2,MIL,1
PIT,12,NYN,7
SFN,10,PHI,0
COL,5,SDN,8
MIN,11,ANA,5
BOS,2,BAL,3
CHA,5,DET,15
CLE,0,KCA,4
WAS,13,OAK,3
TBA,4,SEA,12
HOU,7,TEX,1
NYA,5,TOR,7
SLN,3,CHN,5
ATL,6,CIN,5
ARI,0,MIA,3
LAN,10,MIL,8
PIT,2,NYN,4
SFN,3,PHI,5
COL,10,SDN,1
MIN,2,ANA,7
BOS,5,BAL,2
CHA,1,DET,10
CLE,5,KCA,12
WAS,4,OAK,10
TBA,2,SEA,9
HOU,6,TEX,5
NYA,7,TOR,0
SLN,6,CHN,7
ATL,13,CIN,8
ARI,5,MIA,6
LAN,0,MIL,3
PIT,11,NYN,1
SFN,7,PHI,9
COL,3,SDN,1
MIN,3,ANA,2
BOS,7,BAL,3
CHA,4,DET,7
CLE,8,KCA,0
WAS,11,OAK,10
TBA,1,SEA,7
HOU,7,TEX,2
NYA,2,TOR,3
PHI,11,ATL,4
MIA,1,CHN,3
SLN,2,CIN,4
WAS,4,LAN,2
SFN,7,MIL,2
HOU,7,KCA,3
TOR,3,OAK,5
SDN,2,ARI,10
PHI,3,ATL,1
MIA,2,CHN,10
SLN,1,CIN,13
CLE,3,COL,11
WAS,2,LAN,1
SFN,2,MIL,5
PIT,5,BAL,6
ANA,5,DET,3
HOU,7,KCA,9
BOS,5,NYA,4
TOR,1,OAK,4
MIN,3,SEA,12
CHA,4,TBA,2
NYN,8,TEX,10
SDN,4,ARI,7
PHI,1,ATL,14
MIA,6,CHN,5
SLN,4,CIN,6
CLE,1,COL,8
WAS,1,LAN,2
SFN,3,MIL,6
PIT,6,BAL,9
ANA,0,DET,4
HOU,5,KCA,7
BOS,0,NYA,8
TOR,7,OAK,5
MIN,5,SEA,6
CHA,1,TBA,3
NYN,4,TEX,3
SDN,3,ARI,15
PHI,1,ATL,3
COL,4,CHN,1
SLN,2,CIN,5
SFN,9,MIL,5
MIA,7,PIT,1
BAL,1,WAS,6
ANA,11,DET,4
HOU,6,KCA,1
BOS,1,NYA,9
MIN,2,SEA,1
CHA,5,TBA,7
MIL,8,ARI,6
NYN,2,ATL,3
COL,5,CHN,3
CIN,2,LAN,7
MIA,12,PIT,7
KCA,3,SDN,6
MIN,4,SFN,0
PHI,2,SLN,3
TEX,5,WAS,2
DET,3,BOS,5
CHA,3,CLE,7
ANA,9,HOU,4
BAL,2,NYA,8
TOR,2,SEA,4
OAK,4,TBA,13
MIL,2,ARI,3
NYN,6,ATL,1
NYN,8,ATL,1
COL,9,CHN,1
CIN,4,LAN,5
MIA,6,PIT,7
KCA,12,SDN,6
MIN,3,SFN,2
PHI,0,SLN,7
TEX,6,WAS,3
DET,3,BOS,11
CHA,5,CLE,3
ANA,1,HOU,3
BAL,3,NYA,16
TOR,4,SEA,2
OAK,5,TBA,6
OAK,7,TBA,2
MIL,1,ARI,11
NYN,2,ATL,1
COL,5,CHN,7
CIN,7,LAN,9
MIA,1,PIT,3
KCA,8,SDN,3
MIN,8,SFN,13
PHI,5,SLN,6
TEX,5,WAS,1
DET,8,BOS,3
CHA,2,CLE,4
ANA,12,HOU,6
BAL,3,NYA,14
TOR,4,SEA,0
OAK,4,TBA,5
CHN,1,NYN,6
COL,2,PIT,7
CIN,3,SDN,9
ATL,11,WAS,10
NYA,5,ANA,3
PHI,5,BOS,6
BAL,7,CHA,10
TEX,6,HOU,1
SEA,14,MIN,3
OAK,1,MIA,8
CHN,14,NYN,3
COL,2,PIT,5
CIN,2,SDN,6
KCA,8,SFN,1
MIL,0,SLN,6
MIL,8,SLN,5
ATL,5,WAS,10
NYA,2,ANA,3
PHI,3,BOS,4
BAL,1,CHA,6
LAN,7,CLE,5
ARI,7,DET,6
TEX,4,HOU,2
SEA,7,MIN,20
TBA,8,TOR,1
OAK,6,MIA,11
CHN,4,NYN,9
BOS,7,PHI,3
COL,5,PIT,1
CIN,2,SDN,4
KCA,7,SFN,2
MIL,7,SLN,6
ATL,13,WAS,2
NYA,5,ANA,7
BAL,10,CHA,6
LAN,6,CLE,4
ARI,2,DET,1
TEX,2,HOU,13
SEA,6,MIN,4
TBA,6,TOR,7
SFN,9,COL,10
WAS,8,NYN,3
BOS,0,PHI,1
MIL,6,SLN,4
KCA,7,ANA,2
BAL,2,CHA,5
LAN,5,CLE,12
TBA,3,DET,5
SEA,2,MIN,6
NYA,7,OAK,8
MIA,5,ATL,0
LAN,3,CIN,1
SFN,8,COL,10
SDN,5,MIL,6
WAS,7,NYN,2
ARI,5,PHI,4
CHN,9,PIT,5
KCA,3,ANA,1
SLN,11,BAL,2
TBA,4,DET,13
BOS,2,HOU,1
CLE,8,MIN,1
NYA,6,OAK,7
SEA,4,TEX,10
CHA,11,TOR,4
MIA,7,ATL,8
LAN,10,CIN,2
SFN,1,COL,5
SDN,7,MIL,5
WAS,7,NYN,4
ARI,5,PHI,1
CHN,3,PIT,4
KCA,0,ANA,9
SLN,7,BAL,15
TBA,3,DET,2
BOS,1,HOU,7
CLE,9,MIN,3
CLE,6,MIN,2
NYA,2,OAK,5
SEA,4,TEX,10
CHA,5,TOR,2
MIA,4,ATL,5
LAN,8,CIN,7
SFN,5,COL,7
SDN,1,MIL,2
WAS,1,NYN,5
ARI,5,PHI,4
CHN,7,PIT,1
KCA,7,ANA,3
SLN,5,BAL,8
TBA,9,DET,1
BOS,6,HOU,5
CLE,5,MIN,2
NYA,3,OAK,4
SEA,7,TEX,3
CHA,3,TOR,7
SFN,0,ATL,9
SDN,2,CHN,3
NYN,6,LAN,10
WAS,7,MIA,8
PIT,8,MIL,1
CLE,12,BAL,0
BOS,2,KCA,4
HOU,4,OAK,1
DET,2,SEA,6
CIN,7,TBA,3
TOR,7,TEX,6
SFN,6,ATL,3
SDN,0,CHN,4
ARI,3,COL,4
NYN,0,LAN,12
WAS,12,MIA,3
PIT,7,MIL,3
SLN,8,PHI,1
CLE,5,BAL,6
BOS,8,KCA,3
CHA,7,MIN,9
ANA,8,NYA,3
HOU,8,OAK,4
DET,4,SEA,5
CIN,5,TBA,6
TOR,1,TEX,6
SFN,3,ATL,5
SDN,3,CHN,2
ARI,16,COL,5
NYN,2,LAN,8
WAS,1,MIA,2
PIT,3,MIL,4
SLN,7,PHI,6
CLE,5,BAL,1
BOS,4,KCA,6
CHA,2,MIN,4
ANA,4,NYA,8
HOU,5,OAK,1
DET,5,SEA,7
CIN,3,TBA,8
TOR,7,TEX,5
SFN,11,ATL,12
ARI,10,COL,3
NYN,3,LAN,6
CHN,11,MIA,1
PIT,2,MIL,4
SLN,1,PHI,5
CLE,6,BAL,3
CHA,9,MIN,0
ANA,10,NYA,5
HOU,12,OAK,9
DET,6,SEA,9
TOR,4,TEX,11
PHI,6,ARI,1
MIL,4,ATL,5
COL,1,LAN,6
CHN,0,MIA,2
DET,0,SDN,1
NYN,11,SFN,4
PIT,4,SLN,3
CIN,5,WAS,6
ANA,4,BOS,9
OAK,3,CHA,0
MIN,5,CLE,0
TOR,4,KCA,5
TEX,1,NYA,2
HOU,3,SEA,13
BAL,5,TBA,15
PHI,2,ARI,9
MIL,1,ATL,3
COL,0,LAN,4
CHN,5,MIA,3
DET,3,SDN,7
NYN,5,SFN,2
PIT,7,SLN,3
CIN,3,WAS,18
ANA,6,BOS,3
OAK,10,CHA,2
MIN,4,CLE,2
TOR,2,KCA,3
TEX,8,NYA,1
HOU,5,SEA,2
BAL,8,TBA,3
PHI,1,ARI,2
MIL,7,ATL,0
COL,6,LAN,12
CHN,2,MIA,4
DET,7,SDN,5
NYN,8,SFN,2
PIT,4,SLN,8
CIN,6,WAS,2
ANA,4,BOS,2
OAK,5,CHA,3
MIN,4,CLE,0
TOR,8,KCA,2
TEX,7,NYA,6
HOU,8,SEA,2
BAL,8,TBA,5
PHI,1,ARI,6
ANA,4,LAN,0
COL,2,SFN,9
CIN,2,SLN,8
CHN,5,WAS,4
MIN,1,BOS,4
NYA,6,CHA,5
TEX,9,CLE,15
SLN,5,ARI,6
MIL,6,CIN,8
ANA,0,LAN,4
NYN,3,MIA,6
TBA,4,PIT,2
ATL,3,SDN,0
COL,3,SFN,4
CHN,1,WAS,6
MIN,2,BOS,9
NYA,3,CHA,4
TEX,2,CLE,1
KCA,3,DET,5
OAK,6,HOU,4
PHI,8,SEA,2
BAL,3,TOR,1
SLN,4,ARI,3
MIL,3,CIN,4
NYN,8,MIA,0
TBA,2,PIT,6
ATL,4,SDN,7
COL,3,SFN,5
CHN,4,WAS,8
LAN,2,ANA,3
MIN,4,BOS,1
NYA,12,CHA,3
TEX,3,CLE,5
KCA,8,DET,2
OAK,8,HOU,11
PHI,5,SEA,4
BAL,0,TOR,4
SLN,10,ARI,4
MIL,11,CIN,3
NYN,6,MIA,3
TBA,0,PIT,4
ATL,0,SDN,6
CHN,5,WAS,4
LAN,6,ANA,2
MIN,3,BOS,6
NYA,3,CHA,4
TEX,1,CLE,5
KCA,3,DET,7
OAK,1,HOU,6
BAL,2,TOR,0
COL,6,ARI,3
CHN,0,CIN,5
MIA,2,MIL,3
PHI,1,NYN,2
SFN,13,PIT,5
LAN,10,SDN,4
WAS,1,SLN,8
SEA,10,ANA,0
TBA,6,BAL,4
TEX,7,CHA,8
NYA,13,HOU,4
MIN,1,KCA,8
ATL,3,OAK,1
BOS,7,TOR,4
COL,2,ARI,6
CHN,3,CIN,5
MIA,4,MIL,8
PHI,6,NYN,7
SFN,2,PIT,1
LAN,8,SDN,0
WAS,1,SLN,2
SEA,0,ANA,4
TBA,10,BAL,3
TEX,10,CHA,4
CLE,4,DET,7
CLE,4,DET,1
NYA,6,HOU,7
MIN,6,KCA,11
MIN,10,KCA,5
ATL,4,OAK,3
BOS,7,TOR,1
COL,3,ARI,4
CHN,6,CIN,2
MIA,10,MIL,3
PHI,7,NYN,1
SFN,5,PIT,3
LAN,3,SDN,5
WAS,7,SLN,2
SEA,5,ANA,3
TBA,1,BAL,7
TEX,5,CHA,6
CLE,11,DET,8
NYA,1,HOU,8
MIN,2,KCA,6
ATL,4,OAK,3
BOS,15,TOR,1
CIN,3,COL,5
BAL,1,MIL,8
PIT,0,PHI,4
MIA,6,SLN,14
NYN,2,WAS,3
ANA,5,MIN,9
TOR,3,NYA,6
CHA,7,OAK,2
KCA,3,SEA,1
BOS,7,TEX,5
HOU,16,ATL,4
TBA,6,CHN,5
CIN,8,COL,1
ARI,3,LAN,4
BAL,2,MIL,6
PIT,3,PHI,0
MIA,5,SLN,2
NYN,4,WAS,11
SDN,1,CLE,0
SFN,3,DET,5
ANA,4,MIN,5
TOR,4,NYA,1
CHA,6,OAK,7
KCA,7,SEA,3
BOS,11,TEX,4
HOU,10,ATL,4
TBA,3,CHN,7
CIN,3,COL,5
ARI,0,LAN,1
BAL,0,MIL,4
PIT,5,PHI,2
MIA,9,SLN,6
SDN,6,CLE,2
SFN,5,DET,4
ANA,2,MIN,1
TOR,7,NYA,6
CHA,4,OAK,7
KCA,9,SEA,6
BOS,2,TEX,8
MIL,11,CHN,2
CIN,6,COL,3
ARI,4,LAN,5
PIT,6,PHI,3
MIA,3,SLN,4
ATL,5,WAS,2
SDN,2,CLE,11
SFN,2,DET,6
BAL,4,MIN,6
OAK,7,SEA,4
BOS,1,TBA,4
HOU,4,TOR,7
CIN,3,ARI,6
PIT,1,CHN,6
CHA,4,COL,12
KCA,1,LAN,4
SDN,4,PHI,3
MIA,6,SFN,1
NYN,6,SLN,5
ATL,4,WAS,5
DET,2,CLE,11
BAL,6,MIN,9
MIL,9,NYA,4
OAK,2,SEA,7
BOS,8,TBA,3
ANA,0,TEX,10
HOU,12,TOR,2
CIN,7,ARI,0
PIT,4,CHN,2
CHA,5,COL,4
KCA,4,LAN,5
SDN,2,PHI,1
MIA,5,SFN,4
NYN,1,SLN,4
ATL,13,WAS,0
DET,0,CLE,4
BAL,5,MIN,1
MIL,3,NYA,5
OAK,4,SEA,3
BOS,0,TBA,1
ANA,2,TEX,5
HOU,2,TOR,7
CIN,2,ARI,1
PIT,14,CHN,3
CHA,0,COL,10
KCA,2,LAN,5
SDN,1,PHI,7
MIA,10,SFN,8
NYN,0,SLN,6
ATL,5,WAS,10
DET,5,CLE,3
BAL,11,MIN,5
MIL,5,NYA,3
OAK,0,SEA,4
BOS,3,TBA,5
ANA,3,TEX,0
HOU,19,TOR,1
ARI,3,ATL,4
WAS,5,CIN,0
LAN,6,MIA,4
PHI,6,MIL,9
COL,2,NYN,14
SLN,2,PIT,5
SFN,5,SDN,4
TBA,2,ANA,1
CHN,9,BAL,8
NYA,4,BOS,5
SEA,4,CHA,2
TOR,7,DET,2
MIN,5,HOU,10
TEX,5,KCA,3
CLE,0,OAK,5
ARI,5,ATL,8
WAS,10,CIN,7
LAN,7,MIA,1
PHI,2,MIL,3
COL,3,NYN,9
SLN,4,PIT,0
SFN,3,SDN,5
TBA,6,ANA,3
CHN,10,BAL,3
NYA,4,BOS,1
SEA,4,CHA,3
TOR,1,DET,11
MIN,4,HOU,2
TEX,1,KCA,0
CLE,3,OAK,5
ARI,1,ATL,7
WAS,14,CIN,4
LAN,3,MIA,2
PHI,5,MIL,2
COL,13,NYN,4
SLN,3,PIT,4
SFN,1,SDN,7
TBA,3,ANA,4
CHN,8,BAL,0
NYA,3,BOS,0
NYA,0,BOS,3
SEA,7,CHA,6
TOR,5,DET,6
MIN,3,HOU,5
TEX,3,KCA,4
CLE,3,OAK,7
CHN,4,ATL,3
WAS,6,CIN,1
SDN,6,COL,9
PHI,5,MIA,6
SLN,6,NYN,3
MIL,2,PIT,4
CLE,5,SFN,3
TEX,1,BAL,3
TOR,4,BOS,3
SEA,9,HOU,7
DET,10,KCA,2
NYA,2,MIN,4
TBA,3,OAK,2
CHN,5,ATL,1
ARI,11,CIN,2
SDN,7,COL,9
PHI,5,MIA,2
SLN,5,NYN,0
MIL,3,PIT,4
CLE,1,SFN,2
WAS,4,ANA,3
TEX,1,BAL,12
TOR,4,BOS,5
LAN,1,CHA,0
SEA,2,HOU,6
DET,9,KCA,3
NYA,6,MIN,3
TBA,4,OAK,3
CHN,8,ATL,2
ARI,3,CIN,4
SDN,4,COL,18
PHI,10,MIA,3
SLN,3,NYN,7
MIL,2,PIT,3
CLE,4,SFN,5
WAS,0,ANA,7
TEX,2,BAL,10
TOR,1,BOS,5
LAN,9,CHA,1
SEA,4,HOU,1
DET,3,KCA,4
NYA,1,MIN,6
TBA,2,OAK,7
ARI,12,CIN,2
ATL,6,LAN,3
SLN,2,NYN,3
MIL,2,PIT,4
SDN,5,SFN,2
TEX,7,BAL,9
TOR,8,BOS,6
DET,4,KCA,16
NYA,4,SEA,1
WAS,5,ARI,6
SLN,11,CHN,4
MIA,3,CIN,1
PIT,13,COL,5
ATL,12,LAN,3
OAK,5,NYN,7
MIL,1,PHI,6
SDN,12,SFN,9
BOS,6,ANA,2
HOU,8,BAL,7
TOR,3,CLE,13
CHA,6,KCA,7
DET,6,MIN,3
NYA,5,SEA,1
TEX,4,TBA,3
WAS,4,ARI,3
SLN,2,CHN,3
MIA,5,CIN,4
PIT,3,COL,7
ATL,2,LAN,6
OAK,5,NYN,6
MIL,9,PHI,8
SDN,4,SFN,5
BOS,3,ANA,7
HOU,8,BAL,4
TOR,1,CLE,2
CHA,2,KCA,7
DET,5,MIN,6
NYA,5,SEA,6
TEX,4,TBA,3
WAS,6,ARI,2
SLN,3,CHN,5
MIA,3,CIN,6
PIT,3,COL,13
ATL,4,LAN,5
OAK,3,NYN,2
MIL,3,PHI,6
SDN,5,SFN,2
BOS,2,ANA,3
HOU,7,BAL,9
TOR,1,CLE,8
CHA,4,KCA,5
DET,9,MIN,6
NYA,6,SEA,4
TEX,6,TBA,5
ATL,2,ARI,10
CHA,3,CHN,1
MIN,4,LAN,6
HOU,13,PHI,4
NYN,5,SDN,3
PIT,10,SFN,3
COL,2,SLN,8
CIN,2,CLE,6
KCA,5,DET,3
BOS,0,SEA,4
BAL,5,TBA,0
MIA,4,TEX,0
OAK,2,TOR,4
ATL,8,ARI,3
CHA,2,CHN,7
MIN,2,LAN,6
HOU,5,PHI,0
NYN,6,SDN,5
PIT,3,SFN,11
COL,2,SLN,3
MIL,8,WAS,0
ANA,7,CLE,11
KCA,3,DET,1
CIN,2,NYA,4
BOS,5,SEA,6
BAL,4,TBA,5
MIA,4,TEX,10
OAK,1,TOR,4
ATL,3,ARI,10
MIN,5,LAN,6
HOU,0,PHI,9
NYN,3,SDN,6
PIT,1,SFN,2
COL,5,SLN,10
MIL,5,WAS,8
CHN,8,CHA,3
ANA,4,CLE,10
KCA,16,DET,2
CIN,5,NYA,9
BOS,4,SEA,0
BAL,1,TBA,5
MIA,22,TEX,10
OAK,2,TOR,3
CIN,1,MIA,4
NYN,5,SDN,7
ARI,4,SLN,0
MIL,2,WAS,15
CHN,6,CHA,3
ANA,1,CLE,2
TBA,5,NYA,6
OAK,4,TOR,8
SFN,4,LAN,6
CIN,4,MIA,7
CHN,1,MIL,2
ATL,3,PHI,10
PIT,2,SDN,3
ARI,0,SLN,1
KCA,4,BOS,2
CLE,9,CHA,3
HOU,6,DET,5
TBA,1,NYA,6
MIN,6,OAK,3
NYN,7,SEA,5
BAL,2,TEX,8
ANA,7,TOR,2
SFN,1,LAN,2
CIN,3,MIA,7
CHN,2,MIL,1
ATL,3,PHI,4
PIT,2,SDN,4
ARI,7,SLN,1
COL,4,WAS,2
KCA,8,BOS,9
CLE,5,CHA,4
HOU,3,DET,5
TBA,4,NYA,5
MIN,4,OAK,5
NYN,2,SEA,3
BAL,4,TEX,0
ANA,6,TOR,5
SFN,2,LAN,3
CIN,6,MIA,4
CHN,4,MIL,2
ATL,1,PHI,2
PIT,7,SDN,1
ARI,2,SLN,3
COL,10,WAS,6
COL,1,WAS,3
KCA,5,BOS,3
CLE,1,CHA,3
HOU,1,DET,13
TBA,5,NYA,3
MIN,5,OAK,6
NYN,1,SEA,9
BAL,10,TEX,6
ANA,10,TOR,11
WAS,1,MIA,0
ATL,6,PHI,7
KCA,1,BAL,2
CLE,2,BOS,6
TOR,6,CHA,7
TBA,7,HOU,14
DET,3,NYA,7
SFN,5,OAK,8
SEA,6,TEX,4
LAN,3,ATL,2
ARI,4,CHN,16
NYN,4,COL,5
WAS,6,MIA,7
SLN,2,MIL,3
CIN,9,PIT,1
MIN,0,SDN,3
PHI,1,ANA,7
KCA,2,BAL,7
CLE,10,BOS,12
TOR,8,CHA,4
TBA,6,HOU,4
DET,4,NYA,3
SFN,10,OAK,4
SEA,8,TEX,7
LAN,3,ATL,5
ARI,3,CHN,0
NYN,10,COL,5
WAS,0,MIA,7
SLN,5,MIL,4
CIN,5,PIT,2
MIN,5,SDN,2
OAK,6,SFN,1
PHI,0,ANA,7
KCA,0,BAL,6
TOR,5,CHA,1
TBA,3,HOU,0
DET,2,NYA,0
SEA,1,TEX,5
LAN,7,ATL,4
ARI,10,CHN,8
NYN,4,COL,5
SLN,1,MIL,2
CIN,0,PIT,6
OAK,2,SFN,11
PHI,4,ANA,5
DET,7,BAL,5
CHA,5,BOS,9
NYA,1,CLE,5
TBA,5,HOU,3
SEA,4,KCA,6
TEX,4,MIN,1
MIA,3,ATL,5
WAS,4,CHN,2
SLN,2,CIN,3
PHI,3,COL,4
LAN,6,NYN,0
SDN,6,PIT,10
ARI,2,SFN,1
OAK,6,ANA,8
DET,5,BAL,2
CHA,2,BOS,3
NYA,2,CLE,7
TOR,7,HOU,16
SEA,5,KCA,2
TEX,4,MIN,8
MIL,2,TBA,0
MIA,2,ATL,7
WAS,4,CHN,7
SLN,4,CIN,1
PHI,5,COL,8
LAN,7,NYN,4
SDN,5,PIT,2
ARI,4,SFN,5
OAK,5,ANA,0
DET,2,BAL,5
CHA,1,BOS,4
NYA,2,CLE,1
TOR,4,HOU,3
TEX,4,MIN,1
MIL,3,TBA,0
MIA,4,ATL,1
WAS,9,CHN,4
SLN,13,CIN,4
PHI,3,COL,2
LAN,8,NYN,0
SDN,4,PIT,5
ARI,3,SFN,6
OAK,11,ANA,10
DET,3,BAL,12
CHA,3,BOS,6
NYA,8,CLE,1
TOR,6,HOU,7
SEA,8,KCA,7
SEA,1,KCA,9
TEX,5,MIN,6
MIL,1,TBA,2
SDN,3,CIN,11
DET,0,PIT,3
CHN,5,SFN,3
MIA,2,WAS,3
BAL,6,ANA,2
SLN,11,KCA,3
MIL,4,MIN,5
LAN,3,ARI,6
PHI,5,ATL,2
SDN,7,CIN,3
TEX,4,NYN,5
DET,3,PIT,6
CHN,3,SFN,6
MIA,7,WAS,3
BAL,2,ANA,3
HOU,5,CHA,8
COL,1,CLE,4
SLN,10,KCA,3
MIL,4,MIN,11
SEA,7,OAK,6
BOS,2,TBA,0
NYA,2,TOR,4
LAN,3,ARI,2
PHI,3,ATL,2
SDN,3,CIN,8
MIN,4,MIL,0
TEX,5,NYN,1
CHN,1,SFN,3
KCA,5,SLN,8
MIA,1,WAS,10
BAL,1,ANA,5
HOU,1,CHA,7
COL,3,CLE,2
PIT,0,DET,10
SEA,6,OAK,3
BOS,8,TBA,2
NYA,11,TOR,5
LAN,8,ARI,6
SDN,3,CIN,10
MIN,7,MIL,2
NYN,10,PHI,0
KCA,6,SLN,8
MIA,2,WAS,3
HOU,2,CHA,3
PIT,7,DET,5
BAL,7,OAK,2
ANA,6,SEA,3
CLE,1,TBA,4
NYA,0,TOR,4
CHN,8,ARI,3
SDN,4,LAN,3
COL,3,MIA,6
CIN,11,MIL,10
NYN,7,PHI,6
ATL,5,SLN,8
KCA,3,CHA,6
MIN,9,DET,4
BOS,4,NYA,5
BAL,4,OAK,5
ANA,6,SEA,5
CLE,5,TBA,0
HOU,4,TEX,6
PIT,4,TOR,2
CHN,2,ARI,6
SDN,3,LAN,6
COL,3,MIA,4
CIN,5,MIL,6
NYN,1,PHI,3
ATL,5,SLN,6
SFN,1,WAS,3
KCA,5,CHA,4
MIN,11,DET,12
BOS,10,NYA,5
BAL,12,OAK,5
ANA,6,SEA,3
CLE,3,TBA,0
HOU,3,TEX,8
PIT,2,TOR,7
CHN,7,ARI,2
SDN,4,LAN,6
COL,3,MIA,5
CIN,4,MIL,7
NYN,6,PHI,2
ATL,6,SLN,3
SFN,4,WAS,2
SFN,2,WAS,6
KCA,14,CHA,6
MIN,6,DET,4
BOS,3,NYA,2
BAL,3,OAK,9
ANA,4,SEA,2
CLE,4,TBA,3
HOU,2,TEX,1
PIT,1,TOR,7
HOU,0,ARI,2
CIN,5,CHN,15
ATL,0,COL,3
SFN,3,MIA,8
PHI,4,SDN,7
CLE,7,BOS,3
NYN,2,NYA,4
KCA,6,OAK,2
BAL,11,SEA,3
DET,2,TEX,6
TBA,1,TOR,2
HOU,9,ARI,4
CIN,2,CHN,1
ATL,4,COL,3
CHA,1,LAN,6
SFN,9,MIA,4
PIT,1,MIL,3
PHI,4,SDN,8
ANA,1,WAS,3
SLN,4,BOS,10
CLE,8,MIN,1
NYN,4,NYA,5
KCA,8,OAK,10
BAL,1,SEA,3
DET,4,TEX,10
TBA,6,TOR,4
CIN,6,CHN,7
ATL,2,COL,17
CHA,4,LAN,5
SFN,1,MIA,8
PIT,6,MIL,7
NYA,5,NYN,3
PHI,0,SDN,3
ANA,3,WAS,2
SLN,4,BOS,5
ARI,5,HOU,9
KCA,7,OAK,6
BAL,6,SEA,7
DET,6,TEX,12
TBA,2,TOR,3
CIN,13,CHN,10
ATL,10,COL,4
NYA,7,NYN,5
SLN,11,PIT,7
WAS,2,SDN,1
PHI,4,SFN,5
ARI,4,HOU,0
CLE,9,MIN,3
CLE,2,MIN,4
CHA,8,TEX,9
TBA,3,TOR,5
CIN,5,ATL,3
TOR,4,CHN,7
MIL,4,COL,8
MIA,3,NYN,1
SLN,11,PIT,10
WAS,7,SDN,1
PHI,2,SFN,10
ANA,7,BAL,9
NYA,6,BOS,9
LAN,8,DET,5
OAK,1,HOU,3
CLE,10,KCA,1
ARI,3,MIN,10
SEA,7,TBA,1
CHA,4,TEX,3
CIN,11,ATL,8
TOR,3,CHN,4
MIL,6,COL,3
MIA,1,NYN,8
SLN,4,PIT,6
WAS,1,SDN,3
PHI,12,SFN,9
ANA,5,BAL,1
NYA,4,BOS,3
LAN,3,DET,0
OAK,0,HOU,3
CLE,5,KCA,0
ARI,0,MIN,5
SEA,7,TBA,6
CHA,7,TEX,17
CIN,1,ATL,8
TOR,5,CHN,6
MIL,8,COL,4
MIA,6,NYN,4
SLN,3,PIT,6
WAS,4,SDN,1
PHI,5,SFN,2
ANA,5,BAL,4
NYA,1,BOS,5
LAN,1,DET,6
OAK,3,HOU,2
CLE,4,KCA,7
ARI,5,MIN,12
SEA,0,TBA,3
CHA,3,TEX,2
SEA,6,ATL,5
ARI,3,NYN,2
LAN,6,PIT,5
MIL,0,SFN,2
TEX,5,ANA,3
OAK,3,BAL,7
MIN,6,CHA,7
MIN,10,CHA,2
BOS,4,CLE,5
SEA,0,ATL,4
CHN,13,CIN,9
ARI,7,NYN,4
MIA,12,PHI,8
MIA,7,PHI,4
LAN,8,PIT,5
MIL,4,SFN,3
SDN,12,SLN,4
TEX,1,ANA,10
OAK,6,BAL,4
MIN,4,CHA,1
BOS,9,CLE,1
NYA,13,DET,4
WAS,4,HOU,3
COL,2,KCA,3
TOR,5,TBA,6
SEA,9,ATL,6
CHN,9,CIN,3
ARI,2,NYN,4
MIA,0,PHI,8
LAN,0,PIT,1
MIL,2,SFN,4
SDN,2,SLN,6
TEX,7,ANA,5
OAK,7,BAL,8
MIN,3,CHA,4
BOS,6,CLE,1
NYA,10,DET,2
WAS,1,HOU,6
COL,4,KCA,6
TOR,7,TBA,6
CHN,2,CIN,4
ARI,3,NYN,2
MIA,9,PHI,8
LAN,5,PIT,2
SDN,4,SLN,3
TEX,3,ANA,0
MIN,1,CHA,5
BOS,6,CLE,13
NYA,6,DET,10
WAS,5,HOU,4
COL,3,KCA,2
TOR,0,TBA,2
SFN,3,ARI,4
COL,2,ATL,5
PIT,5,CIN,9
MIL,1,LAN,3
SDN,6,MIA,8
CHN,1,PHI,7
TBA,7,SLN,3
NYN,4,WAS,2
HOU,2,ANA,1
BAL,16,BOS,3
DET,2,CHA,3
KCA,0,CLE,4
SEA,2,NYA,1
TEX,1,OAK,3
MIN,6,TOR,1
SFN,1,ARI,2
COL,7,ATL,6
PIT,1,CIN,0
MIL,3,LAN,0
SDN,1,MIA,2
CHN,17,PHI,2
TBA,4,SLN,6
NYN,4,WAS,9
HOU,6,ANA,7
BAL,7,BOS,0
DET,6,CHA,3
KCA,0,CLE,4
SEA,3,NYA,6
TEX,3,OAK,8
MIN,9,TOR,10
SFN,0,ARI,11
COL,3,ATL,0
PIT,5,CIN,2
MIL,3,LAN,2
SDN,2,MIA,6
CHN,3,PHI,6
TBA,3,SLN,2
NYN,6,WAS,5
NYN,4,WAS,5
HOU,7,ANA,5
BAL,2,BOS,1
DET,1,CHA,7
KCA,0,CLE,12
SEA,1,NYA,10
TEX,3,OAK,8
MIN,7,TOR,2
PIT,1,CHN,6
DET,4,COL,3
ATL,1,PHI,6
SFN,3,SDN,0
MIA,2,WAS,11
OAK,1,ANA,3
SEA,6,BAL,7
TBA,12,KCA,0
CLE,6,NYA,2
BOS,6,TOR,5
LAN,6,ARI,7
PIT,1,CHN,4
NYN,4,CIN,14
DET,3,COL,7
SLN,10,MIL,2
SFN,3,SDN,6
MIA,3,WAS,8
OAK,2,ANA,8
SEA,0,BAL,4
TEX,12,HOU,2
TBA,2,KCA,6
CHA,4,MIN,6
BOS,3,TOR,0
LAN,4,ARI,6
PIT,3,CHN,17
NYN,2,CIN,0
DET,6,COL,2
SLN,5,MIL,6
ATL,9,PHI,1
ATL,5,PHI,2
SFN,0,SDN,5
MIA,0,WAS,4
OAK,8,ANA,10
SEA,7,BAL,8
TEX,8,HOU,1
TBA,5,KCA,3
CHA,1,MIN,11
CLE,2,NYA,1
CLE,9,NYA,4
BOS,7,TOR,1
LAN,1,ARI,8
ATL,2,CHN,6
NYN,2,CIN,7
PHI,3,MIA,2
WAS,3,MIL,6
SLN,5,SFN,2
TOR,11,BAL,8
TEX,1,HOU,5
CHA,4,MIN,5
BOS,2,NYA,6
ATL,0,CHN,2
ARI,9,COL,5
PHI,2,MIA,1
WAS,0,MIL,1
CIN,7,PIT,3
LAN,1,SDN,0
SLN,11,SFN,6
TOR,0,BAL,1
TBA,3,CHA,1
CLE,3,DET,2
CLE,10,DET,0
KCA,7,MIN,6
BOS,4,NYA,1
OAK,2,SEA,3
ANA,9,TEX,10
ATL,12,CHN,14
ARI,6,COL,2
PHI,9,MIA,10
WAS,3,MIL,2
CIN,0,PIT,5
LAN,5,SDN,6
LAN,2,SDN,7
SLN,1,SFN,2
TOR,7,BAL,2
TBA,4,CHA,5
CLE,5,DET,2
NYN,8,HOU,12
NYN,1,HOU,4
KCA,0,MIN,17
BOS,1,NYA,5
OAK,6,SEA,7
ANA,7,TEX,4
ATL,5,CHN,1
ARI,5,COL,1
PHI,3,MIA,1
WAS,2,MIL,7
CIN,1,PIT,3
LAN,4,SDN,6
SLN,7,SFN,3
TOR,4,BAL,5
TBA,2,CHA,6
CLE,11,DET,1
NYN,6,HOU,8
KCA,5,MIN,4
BOS,2,NYA,9
OAK,2,SEA,10
ANA,6,TEX,7
TEX,8,ATL,2
MIL,4,CIN,5
SFN,3,COL,4
ARI,13,LAN,0
WAS,7,MIA,2
PHI,7,NYN,11
CHN,0,PIT,12
SLN,2,SDN,0
NYA,7,BAL,4
TOR,10,BOS,4
CLE,5,CHA,3
KCA,7,DET,6
ANA,11,OAK,9
HOU,6,SEA,2
MIN,4,TBA,11
MIL,3,CIN,9
SFN,6,COL,9
ARI,3,LAN,1
WAS,2,MIA,1
PHI,9,NYN,1
CHN,3,PIT,4
SLN,8,SDN,4
NYA,6,BAL,7
TOR,2,BOS,3
CLE,9,CHA,4
KCA,2,DET,13
ANA,8,OAK,7
HOU,3,SEA,1
MIN,1,TBA,2
TEX,12,ATL,8
TEX,4,ATL,5
MIL,1,CIN,7
SFN,11,COL,3
ARI,3,LAN,1
WAS,8,MIA,1
PHI,3,NYN,6
CHN,1,PIT,0
SLN,3,SDN,1
TOR,1,BOS,6
CLE,5,CHA,1
KCA,13,DET,2
ANA,1,OAK,3
HOU,5,SEA,3
MIN,10,TBA,6
MIA,5,ATL,6
COL,9,LAN,1
CIN,2,NYN,7
CHN,8,PIT,2
SLN,0,SDN,3
PHI,3,WAS,4
NYA,9,BAL,1
CLE,11,CHA,2
MIN,4,KCA,2
SDN,10,ARI,6
MIA,7,ATL,1
MIL,2,CHN,0
COL,5,LAN,4
CIN,1,NYN,5
PIT,1,SLN,4
PHI,10,WAS,11
TBA,3,BOS,9
SFN,9,CHA,2
BAL,0,CLE,5
MIN,8,KCA,5
HOU,8,OAK,9
ANA,3,SEA,4
NYA,5,TEX,11
DET,5,TOR,4
SDN,8,ARI,7
MIA,5,ATL,6
MIL,15,CHN,2
COL,6,LAN,5
CIN,1,NYN,6
PIT,3,SLN,4
PHI,5,WAS,4
TBA,0,BOS,9
SFN,1,CHA,13
BAL,2,CLE,4
MIN,2,KCA,5
HOU,1,OAK,11
HOU,4,OAK,11
ANA,1,SEA,8
NYA,3,TEX,1
DET,4,TOR,5
SDN,2,ARI,3
MIA,8,ATL,10
MIL,3,CHN,1
COL,8,LAN,1
CIN,10,NYN,5
PIT,0,SLN,7
PHI,2,WAS,3
TBA,4,BOS,1
SFN,1,CHA,8
BAL,2,CLE,3
MIN,3,KCA,11
HOU,2,OAK,10
ANA,5,SEA,3
NYA,16,TEX,7
DET,2,TOR,8
COL,5,ARI,4
PIT,7,MIL,0
LAN,6,SFN,8
DET,0,CLE,11
CHA,11,KCA,3
NYA,5,TBA,1
SEA,3,TEX,5
BAL,3,TOR,4
COL,4,ARI,2
NYN,3,CHN,8
PIT,2,MIL,5
MIA,8,PHI,9
LAN,5,SFN,3
CIN,4,SLN,13
ATL,8,WAS,0
HOU,1,ANA,0
OAK,1,BOS,11
DET,0,CLE,2
CHA,3,KCA,4
SDN,0,MIN,16
NYA,1,TBA,2
SEA,10,TEX,3
BAL,2,TOR,3
COL,2,ARI,8
NYN,5,CHN,17
PIT,2,MIL,8
MIA,1,PHI,8
LAN,4,SFN,1
CIN,6,SLN,0
ATL,8,WAS,2
HOU,1,ANA,9
OAK,7,BOS,3
DET,3,CLE,5
CHA,5,KCA,3
SDN,1,MIN,3
NYA,3,TBA,2
SEA,8,TEX,1
BAL,2,TOR,1
COL,0,ARI,7
NYN,6,CHN,14
MIA,0,PHI,10
CIN,2,SLN,5
ATL,2,WAS,5
HOU,5,ANA,2
OAK,2,BOS,6
KCA,2,CLE,3
CHA,17,DET,7
TOR,2,MIN,3
BAL,5,NYA,13
SEA,10,TEX,4
NYN,2,ATL,3
SLN,2,CHN,8
PIT,2,CIN,4
SDN,1,COL,6
MIL,10,MIA,2
OAK,4,PHI,0
ARI,3,SFN,2
LAN,7,WAS,0
TEX,6,ANA,7
KCA,4,CLE,3
CHA,2,DET,3
SEA,2,HOU,5
TOR,4,MIN,3
BAL,2,NYA,8
BOS,13,TBA,6
NYN,7,ATL,3
SLN,1,CHN,4
PIT,1,CIN,2
SDN,0,COL,16
MIL,4,MIA,7
OAK,3,PHI,5
ARI,2,SFN,0
LAN,3,WAS,2
TEX,0,ANA,2
KCA,4,CLE,8
CHA,10,DET,4
SEA,6,HOU,8
TOR,7,MIN,2
BAL,3,NYA,9
BOS,3,TBA,1
NYN,5,ATL,1
SLN,3,CHN,4
PIT,2,CIN,5
SDN,4,COL,3
MIL,10,MIA,3
OAK,6,PHI,3
ARI,2,SFN,7
LAN,1,WAS,7
TEX,4,ANA,2
KCA,2,CLE,3
CHA,0,DET,12
SEA,1,HOU,7
TOR,7,MIN,13
BAL,6,NYA,4
BOS,2,TBA,3
NYN,1,MIA,13
LAN,3,PHI,4
MIL,3,PIT,0
ARI,2,SDN,4
BOS,10,BAL,8
OAK,8,DET,3
MIN,1,NYA,2
WAS,4,ATL,2
SLN,8,CIN,7
NYN,4,MIA,5
LAN,2,PHI,6
MIL,1,PIT,0
ARI,2,SDN,6
COL,3,SFN,4
CLE,6,ANA,3
BOS,1,BAL,0
OAK,9,DET,8
CHA,1,HOU,3
MIN,2,NYA,5
TEX,3,SEA,1
CHN,2,TBA,1
KCA,2,TOR,5
WAS,7,ATL,3
SLN,9,CIN,2
NYN,2,MIA,9
LAN,5,PHI,7
MIL,4,PIT,6
ARI,13,SDN,7
COL,0,SFN,4
CLE,6,ANA,5
BOS,9,BAL,0
OAK,3,DET,2
CHA,3,HOU,4
MIN,3,NYA,11
TEX,8,SEA,6
CHN,1,TBA,8
KCA,15,TOR,5
WAS,2,ATL,3
SLN,8,CIN,5
CHN,5,MIL,3
LAN,5,PHI,4
COL,0,SDN,3
CLE,4,ANA,1
TBA,1,BAL,3
MIN,12,DET,1
CHA,3,HOU,1
TEX,4,SEA,2
KCA,1,TOR,0
MIA,11,ARI,13
PHI,2,ATL,7
BOS,5,CIN,4
SFN,2,LAN,4
CHN,5,MIL,4
WAS,6,NYN,7
SLN,4,PIT,3
COL,4,SDN,1
TBA,8,BAL,3
KCA,6,CHA,7
MIN,7,DET,3
ANA,0,HOU,3
TEX,1,OAK,4
CLE,1,SEA,3
NYA,1,TOR,8
MIA,12,ARI,6
PHI,2,ATL,4
BOS,5,CIN,0
SFN,2,LAN,1
CHN,3,MIL,4
WAS,4,NYN,3
SLN,6,PIT,11
COL,0,SDN,5
TBA,9,BAL,6
KCA,8,CHA,2
MIN,10,DET,4
ANA,2,HOU,6
TEX,0,OAK,1
CLE,11,SEA,4
NYA,5,TOR,1
MIA,2,ARI,3
PHI,2,ATL,0
BOS,5,CIN,4
SFN,1,LAN,3
CHN,5,MIL,0
WAS,3,NYN,2
SLN,1,PIT,4
COL,8,SDN,4
TBA,4,BAL,9
KCA,1,CHA,8
MIN,10,DET,4
ANA,7,HOU,5
TEX,1,OAK,8
CLE,4,SEA,2
NYA,5,TOR,9
SFN,9,ARI,2
MIA,5,COL,4
SDN,3,LAN,9
ATL,9,NYN,2
ATL,2,NYN,3
WAS,3,PHI,1
CHN,10,SLN,2
TOR,6,BOS,4
ANA,2,CHA,4
KCA,3,NYA,11
SEA,7,OAK,1
HOU,11,TEX,2
SFN,4,ARI,11
MIA,0,COL,6
SDN,2,LAN,9
CIN,6,MIL,7
ATL,3,NYN,4
WAS,1,PHI,4
BAL,1,PIT,10
CHN,7,SLN,8
TOR,9,BOS,4
ANA,9,CHA,3
MIN,8,CLE,6
DET,1,KCA,2
TBA,1,NYA,6
SEA,6,OAK,3
HOU,14,TEX,3
SFN,3,ARI,4
MIA,9,COL,15
SDN,0,LAN,10
CIN,6,MIL,0
ATL,1,NYN,7
WAS,5,PHI,7
BAL,3,PIT,5
CHN,5,SLN,1
TOR,7,BOS,10
ANA,4,CHA,6
MIN,2,CLE,4
DET,4,KCA,7
TBA,1,NYA,6
SEA,5,OAK,6
HOU,12,TEX,2
ATL,1,MIA,7
CIN,3,MIL,4
CHN,2,SLN,1
PIT,4,WAS,5
HOU,12,BOS,2
ANA,4,CHA,5
MIN,2,CLE,5
DET,4,KCA,1
TBA,9,NYA,6
OAK,4,TEX,1
CIN,4,CHN,5
LAN,1,COL,9
ATL,5,MIA,6
NYN,2,PHI,6
SDN,0,SFN,8
MIL,5,SLN,3
PIT,1,WAS,6
SEA,5,ANA,6
HOU,3,BOS,2
CHA,1,CLE,10
ARI,1,KCA,2
DET,3,MIN,6
TOR,0,NYA,4
BAL,0,TBA,7
OAK,3,TEX,5
CIN,0,CHN,9
LAN,5,COL,3
ATL,2,MIA,10
NYN,7,PHI,4
SDN,3,SFN,2
MIL,6,SLN,7
PIT,4,WAS,1
SEA,6,ANA,4
HOU,3,BOS,6
CHA,2,CLE,1
ARI,3,KCA,4
DET,3,MIN,2
TOR,1,NYA,2
BAL,3,TBA,4
OAK,4,TEX,8
CIN,3,CHN,1
LAN,6,COL,3
ATL,8,MIA,5
NYN,0,PHI,11
SDN,4,SFN,5
MIL,6,SLN,1
PIT,11,WAS,8
SEA,2,ANA,6
HOU,4,BOS,3
CHA,1,CLE,3
ARI,14,KCA,2
DET,1,MIN,5
TOR,2,NYA,1
BAL,0,TBA,6
OAK,5,TEX,2
